state_id,namemunicipality
1,Aguascalientes
1,Asientos
1,Calvillo 
1,Cosío
1,Jesús María
1,Pabellón De Arteaga
1,Rincón De Romos
1,San José De Gracia
1,Tepezalá
1,El Llano
1,San Francisco De Los Romo
2,Ensenada
2,Mexicali
2,Tecate
2,Tijuana
2,Playas de Rosarito
3,Comondú
3,Mulegé
3,La Paz
3,Los Cabos
3,Loreto
4,Calkiní
4,Campeche
4,Carmen
4,Champotón
4,Hecelchakán
4,Hopelchén
4,Palizada
4,Tenabo
4,Escárcega
4,Calakmul
4,Candelaria
5,Abasolo
5,Acuña
5,Allende
5,Arteaga
5,Candela
5,Castaños
5,Cuatro Ciénegas
5,Escobedo
5,Francisco I. Madero
5,Frontera
5,General Cepeda
5,Guerrero
5,Hidalgo
5,Jiménez
5,Juárez
5,Lamadrid
5,Matamoros
5,Monclova
5,Morelos
5,Múzquiz
5,Nadadores
5,Nava
5,Ocampo
5,Parras
5,Piedras Negras
5,Progreso
5,Ramos Arizpe
5,Sabinas
5,Sacramento
5,Saltillo
5,San Buenaventura
5,San Juan De Sabinas
5,San Pedro
5,Sierra Mojada
5,Torreón
5,Viesca
5,Villa Unión
5,Zaragoza
6,Armería
6,Colima
6,Comala
6,Coquimatlán
6,Cuauhtémoc
6,Ixtlahuacán
6,Manzanillo
6,Minatitlán
6,Tecomán
6,Villa De Álvarez
7,Acacoyagua
7,Acala
7,Acapetahua
7,Altamirano
7,Amatán
7,Amatenango De La Frontera
7,Amatenango Del Valle
7,Angel Albino Corzo
7,Arriaga
7,Bejucal De Ocampo
7,Bella Vista
7,Berriozábal
7,Bochil
7,El Bosque
7,Cacahoatán
7,Catazajá
7,Cintalapa
7,Coapilla
7,Comitán De Domínguez
7,La Concordia
7,Copainalá
7,Chalchihuitán
7,Chamula
7,Chanal
7,Chapultenango
7,Chenalhó
7,Chiapa De Corzo
7,Chiapilla
7,Chicoasén
7,Chicomuselo
7,Chilón
7,Escuintla
7,Francisco León
7,Frontera Comalapa
7,Frontera Hidalgo
7,La Grandeza
7,Huehuetán
7,Huixtán
7,Huitiupán
7,Huixtla
7,La Independencia
7,Ixhuatán
7,Ixtacomitán
7,Ixtapa
7,Ixtapangajoya
7,Jiquipilas
7,Jitotol
7,Juárez
7,Larráinzar
7,La Libertad
7,Mapastepec
7,Las Margaritas
7,Mazapa De Madero
7,Mazatán
7,Metapa
7,Mitontic
7,Motozintla
7,Nicolás Ruíz
7,Ocosingo
7,Ocotepec
7,Ocozocoautla De Espinosa
7,Ostuacán
7,Osumacinta
7,Oxchuc
7,Palenque
7,Pantelhó
7,Pantepec
7,Pichucalco
7,Pijijiapan
7,El Porvenir
7,Villa Comaltitlán
7,Pueblo Nuevo Solistahuacán
7,Rayón
7,Reforma
7,Las Rosas
7,Sabanilla
7,Salto De Agua
7,San Cristóbal De Las Casas
7,San Fernando
7,Siltepec
7,Simojovel
7,Sitalá
7,Socoltenango
7,Solosuchiapa
7,Soyaló
7,Suchiapa
7,Suchiate
7,Sunuapa
7,Tapachula
7,Tapalapa
7,Tapilula
7,Tecpatán
7,Tenejapa
7,Teopisca
7,Tila
7,Tonalá
7,Totolapa
7,La Trinitaria
7,Tumbalá
7,Tuxtla Gutiérrez
7,Tuxtla Chico
7,Tuzantán
7,Tzimol
7,Unión Juárez
7,Venustiano Carranza
7,Villa Corzo
7,Villaflores
7,Yajalón
7,San Lucas
7,Zinacantán
7,San Juan Cancuc
7,Aldama
7,Benemérito De Las Américas
7,Maravilla Tenejapa
7,Marqués De Comillas
7,Montecristo De Guerrero
7,San Andrés Duraznal
7,Santiago El Pinar
8,Ahumada
8,Aldama
8,Allende
8,Aquiles Serdán
8,Ascensión
8,Bachíniva
8,Balleza
8,Batopilas
8,Bocoyna
8,Buenaventura
8,Camargo
8,Carichí
8,Casas Grandes
8,Coronado
8,Coyame Del Sotol
8,La Cruz
8,Cuauhtémoc
8,Cusihuiriachi
8,Chihuahua
8,Chínipas
8,Delicias
8,Dr. Belisario Domínguez
8,Galeana
8,Santa Isabel
8,Gómez Farías
8,Gran Morelos
8,Guachochi
8,Guadalupe
8,Guadalupe Y Calvo
8,Guazapares
8,Guerrero
8,Hidalgo Del Parral
8,Huejotitán
8,Ignacio Zaragoza
8,Janos
8,Jiménez
8,Juárez
8,Julimes
8,López
8,Madera
8,Maguarichi
8,Manuel Benavides
8,Matachí
8,Matamoros
8,Meoqui
8,Morelos
8,Moris
8,Namiquipa
8,Nonoava
8,Nuevo Casas Grandes
8,Ocampo
8,Ojinaga
8,Praxedis G. Guerrero
8,Riva Palacio
8,Rosales
8,Rosario
8,San Francisco De Borja
8,San Francisco De Conchos
8,San Francisco Del Oro
8,Santa Bárbara
8,Satevó
8,Saucillo
8,Temósachi
8,El Tule
8,Urique
8,Uruachi
8,Valle De Zaragoza
9,Azcapotzalco
9,Coyoacán
9,Cuajimalpa De Morelos
9,Gustavo A. Madero
9,Iztacalco
9,Iztapalapa
9,La Magdalena Contreras
9,Milpa Alta
9,Álvaro Obregón
9,Tláhuac
9,Tlalpan
9,Xochimilco
9,Benito Juárez
9,Cuauhtémoc
9,Miguel Hidalgo
9,Venustiano Carranza
10,Canatlán
10,Canelas
10,Coneto De Comonfort
10,Cuencamé
10,Durango
10,General Simón Bolívar
10,Gómez Palacio
10,Guadalupe Victoria
10,Guanaceví
10,Hidalgo
10,Indé
10,Lerdo
10,Mapimí
10,Mezquital
10,Nazas
10,Nombre De Dios
10,Ocampo
10,El Oro
10,Otáez
10,Pánuco De Coronado
10,Peñón Blanco
10,Poanas
10,Pueblo Nuevo
10,Rodeo
10,San Bernardo
10,San Dimas
10,San Juan De Guadalupe
10,San Juan Del Río
10,San Luis Del Cordero
10,San Pedro Del Gallo
10,Santa Clara
10,Santiago Papasquiaro
10,Súchil
10,Tamazula
10,Tepehuanes
10,Tlahualilo
10,Topia
10,Vicente Guerrero
10,Nuevo Ideal
11,Acambay
11,Acolman
11,Aculco
11,Almoloya De Alquisiras
11,Almoloya De Juárez
11,Almoloya Del Río
11,Amanalco
11,Amatepec
11,Amecameca
11,Apaxco
11,Atenco
11,Atizapán
11,Atizapán De Zaragoza
11,Atlacomulco
11,Atlautla
11,Axapusco
11,Ayapango
11,Calimaya
11,Capulhuac
11,Coacalco De Berriozábal
11,Coatepec Harinas
11,Cocotitlán
11,Coyotepec
11,Cuautitlán
11,Chalco
11,Chapa De Mota
11,Chapultepec
11,Chiautla
11,Chicoloapan
11,Chiconcuac
11,Chimalhuacán
11,Donato Guerra
11,Ecatepec De Morelos
11,Ecatzingo
11,Huehuetoca
11,Hueypoxtla
11,Huixquilucan
11,Isidro Fabela
11,Ixtapaluca
11,Ixtapan De La Sal
11,Ixtapan Del Oro
11,Ixtlahuaca
11,Xalatlaco
11,Jaltenco
11,Jilotepec
11,Jilotzingo
11,Jiquipilco
11,Jocotitlán
11,Joquicingo
11,Juchitepec
11,Lerma
11,Malinalco
11,Melchor Ocampo
11,Metepec
11,Mexicaltzingo
11,Morelos
11,Naucalpan De Juárez
11,Nezahualcóyotl
11,Nextlalpan
11,Nicolás Romero
11,Nopaltepec
11,Ocoyoacac
11,Ocuilan
11,El Oro
11,Otumba
11,Otzoloapan
11,Otzolotepec
11,Ozumba
11,Papalotla
11,La Paz
11,Polotitlán
11,Rayón
11,San Antonio La Isla
11,San Felipe Del Progreso
11,San Martín De Las Pirámides
11,San Mateo Atenco
11,San Simón De Guerrero
11,Santo Tomás
11,Soyaniquilpan De Juárez
11,Sultepec
11,Tecámac
11,Tejupilco
11,Temamatla
11,Temascalapa
11,Temascalcingo
11,Temascaltepec
11,Temoaya
11,Tenancingo
11,Tenango Del Aire
11,Tenango Del Valle
11,Teoloyucán
11,Teotihuacán
11,Tepetlaoxtoc
11,Tepetlixpa
11,Tepotzotlán
11,Tequixquiac
11,Texcaltitlán
11,Texcalyacac
11,Texcoco
11,Tezoyuca
11,Tianguistenco
11,Timilpan
11,Tlalmanalco
11,Tlalnepantla De Baz
11,Tlatlaya
11,Toluca
11,Tonatico
11,Tultepec
11,Tultitlán
11,Valle De Bravo
11,Villa De Allende
11,Villa Del Carbón
11,Villa Guerrero
11,Villa Victoria
11,Xonacatlán
11,Zacazonapan
11,Zacualpan
11,Zinacantepec
11,Zumpahuacán
11,Zumpango
11,Cuautitlán Izcalli
11,Valle De Chalco Solidaridad
11,Luvianos
11,San José Del Rincón
11,Tonanitla
12,Abasolo
12,Acámbaro
12,San Miguel De Allende
12,Apaseo El Alto
12,Apaseo El Grande
12,Atarjea
12,Celaya
12,Manuel Doblado
12,Comonfort
12,Coroneo
12,Cortazar
12,Cuerámaro
12,Doctor Mora
12,Dolores Hidalgo Cuna De La Independencia Nal.
12,Guanajuato
12,Huanímaro
12,Irapuato
12,Jaral Del Progreso
12,Jerécuaro
12,León
12,Moroleón
12,Ocampo
12,Pénjamo
12,Pueblo Nuevo
12,Purísima Del Rincón
12,Romita
12,Salamanca
12,Salvatierra
12,San Diego De La Unión
12,San Felipe
12,San Francisco Del Rincón
12,San José Iturbide
12,San Luis De La Paz
12,Santa Catarina
12,Santa Cruz De Juventino Rosas
12,Santiago Maravatío
12,Silao
12,Tarandacuao
12,Tarimoro
12,Tierra Blanca
12,Uriangato
12,Valle De Santiago
12,Victoria
12,Villagrán
12,Xichú
12,Yuriria
13,Acapulco De Juárez
13,Ahuacuotzingo
13,Ajuchitlán Del Progreso
13,Alcozauca De Guerrero
13,Alpoyeca
13,Apaxtla
13,Arcelia
13,Atenango Del Río
13,Atlamajalcingo Del Monte
13,Atlixtac
13,Atoyac De Álvarez
13,Ayutla De Los Libres
13,Azoyú
13,Benito Juárez
13,Buenavista De Cuéllar
13,Coahuayutla De José María Izazaga
13,Cocula
13,Copala
13,Copalillo
13,Copanatoyac
13,Coyuca De Benítez
13,Coyuca De Catalán
13,Cuajinicuilapa
13,Cualác
13,Cuautepec
13,Cuetzala Del Progreso
13,Cutzamala De Pinzón
13,Chilapa De Álvarez
13,Chilpancingo De Los Bravo
13,Florencio Villarreal
13,General Canuto A. Neri
13,General Heliodoro Castillo
13,Huamuxtitlán
13,Huitzuco De Los Figueroa
13,Iguala De La Independencia
13,Igualapa
13,Ixcateopan De Cuauhtémoc
13,José Azueta
13,Juan R. Escudero
13,Leonardo Bravo
13,Malinaltepec
13,Mártir De Cuilapan
13,Metlatónoc
13,Mochitlán
13,Olinalá 
13,Ometepec
13,Pedro Ascencio Alquisiras
13,Petatlán
13,Pilcaya
13,Pungarabato
13,Quechultenango
13,San Luis Acatlán
13,San Marcos
13,San Miguel Totolapan
13,Taxco De Alarcón
13,Tecoanapa
13,Técpan De Galeana
13,Teloloapan
13,Tepecoacuilco De Trujano
13,Tetipac
13,Tixtla De Guerrero
13,Tlacoachistlahuaca
13,Tlacoapa
13,Tlalchapa
13,Tlalixtaquilla De Maldonado
13,Tlapa De Comonfort
13,Tlapehuala
13,La Unión De Isidoro Montes De Oca
13,Xalpatláhuac
13,Xochihuehuetlán
13,Xochistlahuaca
13,Zapotitlán Tablas
13,Zirándaro
13,Zitlala
13,Eduardo Neri
13,Acatepec
13,Marquelia
13,Cochoapa El Grande
13,José Joaquín De Herrera
13,Juchitán
13,Iliatenco
14,Acatlán
14,Acaxochitlán
14,Actopan
14,Agua Blanca De Iturbide
14,Ajacuba
14,Alfajayucan
14,Almoloya
14,Apan
14,El Arenal
14,Atitalaquia
14,Atlapexco
14,Atotonilco El Grande
14,Atotonilco De Tula
14,Calnali
14,Cardonal
14,Cuautepec De Hinojosa
14,Chapantongo
14,Chapulhuacán
14,Chilcuautla
14,Eloxochitlán
14,Emiliano Zapata
14,Epazoyucan
14,Francisco I. Madero
14,Huasca De Ocampo
14,Huautla
14,Huazalingo
14,Huehuetla
14,Huejutla De Reyes
14,Huichapan
14,Ixmiquilpan
14,Jacala De Ledezma
14,Jaltocán
14,Juárez Hidalgo
14,Lolotla
14,Metepec
14,San Agustín Metzquititlán
14,Metztitlán
14,Mineral Del Chico
14,Mineral Del Monte
14,La Misión
14,Mixquiahuala De Juárez
14,Molango De Escamilla
14,Nicolás Flores
14,Nopala De Villagrán
14,Omitlán De Juárez
14,San Felipe Orizatlán
14,Pacula
14,Pachuca De Soto
14,Pisaflores
14,Progreso De Obregón
14,Mineral De La Reforma
14,San Agustín Tlaxiaca
14,San Bartolo Tutotepec
14,San Salvador
14,Santiago De Anaya
14,Santiago Tulantepec De Lugo Guerrero
14,Singuilucan
14,Tasquillo
14,Tecozautla
14,Tenango De Doria
14,Tepeapulco
14,Tepehuacán De Guerrero
14,Tepeji Del Río De Ocampo
14,Tepetitlán
14,Tetepango
14,Villa De Tezontepec
14,Tezontepec De Aldama
14,Tianguistengo
14,Tizayuca
14,Tlahuelilpan
14,Tlahuiltepa
14,Tlanalapa
14,Tlanchinol
14,Tlaxcoapan
14,Tolcayuca
14,Tula De Allende
14,Tulancingo De Bravo
14,Xochiatipan
14,Xochicoatlán
14,Yahualica
14,Zacualtipán De Ángeles
14,Zapotlán De Juárez
14,Zempoala
14,Zimapán
15,Acatic
15,Acatlán De Juárez
15,Ahualulco De Mercado
15,Amacueca
15,Amatitán
15,Ameca
15,San Juanito De Escobedo
15,Arandas
15,El Arenal
15,Atemajac De Brizuela
15,Atengo
15,Atenguillo
15,Atotonilco El Alto
15,Atoyac
15,Autlán De Navarro
15,Ayotlán
15,Ayutla
15,La Barca
15,Bolaños
15,Cabo Corrientes
15,Casimiro Castillo
15,Cihuatlán
15,Zapotlán El Grande
15,Cocula
15,Colotlán
15,Concepción De Buenos Aires
15,Cuautitlán De García Barragán
15,Cuautla
15,Cuquío
15,Chapala
15,Chimaltitán
15,Chiquilistlán
15,Degollado
15,Ejutla
15,Encarnación De Díaz
15,Etzatlán
15,El Grullo
15,Guachinango
15,Guadalajara
15,Hostotipaquillo
15,Huejúcar
15,Huejuquilla El Alto
15,La Huerta
15,Ixtlahuacán De Los Membrillos
15,Ixtlahuacán Del Río
15,Jalostotitlán
15,Jamay
15,Jesús María
15,Jilotlán De Los Dolores
15,Jocotepec
15,Juanacatlán
15,Juchitlán
15,Lagos De Moreno
15,El Limón
15,Magdalena
15,Santa María Del Oro
15,La Manzanilla De La Paz
15,Mascota
15,Mazamitla
15,Mexticacán
15,Mezquitic
15,Mixtlán
15,Ocotlán
15,Ojuelos De Jalisco
15,Pihuamo
15,Poncitlán
15,Puerto Vallarta
15,Villa Purificación
15,Quitupan
15,El Salto
15,San Cristóbal De La Barranca
15,San Diego De Alejandría
15,San Juan De Los Lagos
15,San Julián
15,San Marcos
15,San Martín De Bolaños
15,San Martín Hidalgo
15,San Miguel El Alto
15,Gómez Farías
15,San Sebastián Del Oeste
15,Santa María De Los Ángeles
15,Sayula
15,Tala
15,Talpa De Allende
15,Tamazula De Gordiano
15,Tapalpa
15,Tecalitlán
15,Tecolotlán
15,Techaluta De Montenegro
15,Tenamaxtlán
15,Teocaltiche
15,Teocuitatlán De Corona
15,Tepatitlán De Morelos
15,Tequila
15,Teuchitlán
15,Tizapán El Alto
15,Tlajomulco De Zúñiga
15,Tlaquepaque
15,Tolimán
15,Tomatlán
15,Tonalá
15,Tonaya
15,Tonila
15,Totatiche
15,Tototlán
15,Tuxcacuesco
15,Tuxcueca
15,Tuxpan
15,Unión De San Antonio
15,Unión De Tula
15,Valle De Guadalupe
15,Valle De Juárez
15,San Gabriel
15,Villa Corona
15,Villa Guerrero
15,Villa Hidalgo
15,Cañadas De Obregón
15,Yahualica De González Gallo
15,Zacoalco De Torres
15,Zapopan
15,Zapotiltic
15,Zapotitlán De Vadillo
15,Zapotlán Del Rey
15,Zapotlanejo
16,Acuitzio
16,Aguililla
16,Álvaro Obregón
16,Angamacutiro
16,Angangueo
16,Apatzingán
16,Aporo
16,Aquila
16,Ario
16,Arteaga
16,Briseñas
16,Buenavista
16,Carácuaro
16,Coahuayana
16,Coalcomán De Vázquez Pallares
16,Coeneo
16,Contepec
16,Copándaro
16,Cotija
16,Cuitzeo
16,Charapan
16,Charo
16,Chavinda
16,Cherán
16,Chilchota
16,Chinicuila
16,Chucándiro
16,Churintzio
16,Churumuco
16,Ecuandureo
16,Epitacio Huerta
16,Erongarícuaro
16,Gabriel Zamora
16,Hidalgo
16,La Huacana
16,Huandacareo
16,Huaniqueo
16,Huetamo
16,Huiramba
16,Indaparapeo
16,Irimbo
16,Ixtlán
16,Jacona
16,Jiménez
16,Jiquilpan
16,Juárez
16,Jungapeo
16,Lagunillas
16,Madero
16,Maravatío
16,Marcos Castellanos
16,Lázaro Cárdenas
16,Morelia
16,Morelos
16,Múgica
16,Nahuatzen
16,Nocupétaro
16,Nuevo Parangaricutiro
16,Nuevo Urecho
16,Numarán
16,Ocampo
16,Pajacuarán
16,Panindícuaro
16,Parácuaro
16,Paracho
16,Pátzcuaro
16,Penjamillo
16,Peribán
16,La Piedad
16,Purépero
16,Puruándiro
16,Queréndaro
16,Quiroga
16,Cojumatlán De Régules
16,Los Reyes
16,Sahuayo
16,San Lucas
16,Santa Ana Maya
16,Salvador Escalante
16,Senguio
16,Susupuato
16,Tacámbaro
16,Tancítaro
16,Tangamandapio
16,Tangancícuaro
16,Tanhuato
16,Taretan
16,Tarímbaro
16,Tepalcatepec
16,Tingambato
16,Tingüindín
16,Tiquicheo De Nicolás Romero
16,Tlalpujahua
16,Tlazazalca
16,Tocumbo
16,Tumbiscatío
16,Turicato
16,Tuxpan
16,Tuzantla
16,Tzintzuntzan
16,Tzitzio
16,Uruapan
16,Venustiano Carranza
16,Villamar
16,Vista Hermosa
16,Yurécuaro
16,Zacapu
16,Zamora
16,Zináparo
16,Zinapécuaro
16,Ziracuaretiro
16,Zitácuaro
16,José Sixto Verduzco
17,Amacuzac
17,Atlatlahucan
17,Axochiapan
17,Ayala
17,Coatlán Del Río
17,Cuautla
17,Cuernavaca
17,Emiliano Zapata
17,Huitzilac
17,Jantetelco
17,Jiutepec
17,Jojutla
17,Jonacatepec
17,Mazatepec
17,Miacatlán
17,Ocuituco
17,Puente De Ixtla
17,Temixco
17,Tepalcingo
17,Tepoztlán
17,Tetecala
17,Tetela Del Volcán
17,Tlalnepantla
17,Tlaltizapán
17,Tlaquiltenango
17,Tlayacapan
17,Totolapan
17,Xochitepec
17,Yautepec
17,Yecapixtla
17,Zacatepec De Hidalgo
17,Zacualpan De Amilpas
17,Temoac
18,Acaponeta
18,Ahuacatlán
18,Amatlán De Cañas
18,Compostela
18,Huajicori
18,Ixtlán Del Río
18,Jala
18,Xalisco
18,Del Nayar
18,Rosamorada
18,Ruíz
18,San Blas
18,San Pedro Lagunillas
18,Santa María Del Oro
18,Santiago Ixcuintla
18,Tecuala
18,Tepic
18,Tuxpan
18,La Yesca
18,Bahía De Banderas
19,Abasolo
19,Agualeguas
19,Los Aldamas
19,Allende
19,Anáhuac
19,Apodaca
19,Aramberri
19,Bustamante
19,Cadereyta Jiménez
19,Carmen
19,Cerralvo
19,Ciénega De Flores
19,China
19,Dr. Arroyo
19,Dr. Coss
19,Dr. González
19,Galeana
19,García
19,San Pedro Garza García
19,Gral. Bravo
19,Gral. Escobedo
19,Gral. Terán
19,Gral. Treviño
19,Gral. Zaragoza
19,Gral. Zuazua
19,Guadalupe
19,Los Herreras
19,Higueras
19,Hualahuises
19,Iturbide
19,Juárez
19,Lampazos De Naranjo
19,Linares
19,Marín
19,Melchor Ocampo
19,Mier Y Noriega
19,Mina
19,Montemorelos
19,Monterrey
19,Parás
19,Pesquería
19,Los Ramones
19,Rayones
19,Sabinas Hidalgo
19,Salinas Victoria
19,San Nicolás De Los Garza
19,Hidalgo
19,Santa Catarina
19,Santiago
19,Vallecillo
19,Villaldama
20,Abejones
20,Acatlán De Pérez Figueroa
20,Asunción Cacalotepec
20,Asunción Cuyotepeji
20,Asunción Ixtaltepec
20,Asunción Nochixtlán
20,Asunción Ocotlán
20,Asunción Tlacolulita
20,Ayotzintepec
20,El Barrio De La Soledad
20,Calihualá
20,Candelaria Loxicha
20,Ciénega De Zimatlán
20,Ciudad Ixtepec
20,Coatecas Altas
20,Coicoyán De Las Flores
20,La Compañía
20,Concepción Buenavista
20,Concepción Pápalo
20,Constancia Del Rosario
20,Cosolapa
20,Cosoltepec
20,Cuilápam De Guerrero
20,Cuyamecalco Villa De Zaragoza
20,Chahuites
20,Chalcatongo De Hidalgo
20,Chiquihuitlán De Benito Juárez
20,Heroica Ciudad De Ejutla De Crespo
20,Eloxochitlán De Flores Magón
20,El Espinal
20,Tamazulápam Del Espíritu Santo
20,Fresnillo De Trujano
20,Guadalupe Etla
20,Guadalupe De Ramírez
20,Guelatao De Juárez
20,Guevea De Humboldt
20,Mesones Hidalgo
20,Villa Hidalgo
20,Heroica Ciudad De Huajuapan De León
20,Huautepec
20,Huautla De Jiménez
20,Ixtlán De Juárez
20,Juchitán De Zaragoza
20,Loma Bonita
20,Magdalena Apasco
20,Magdalena Jaltepec
20,Santa Magdalena Jicotlán
20,Magdalena Mixtepec
20,Magdalena Ocotlán
20,Magdalena Peñasco
20,Magdalena Teitipac
20,Magdalena Tequisistlán
20,Magdalena Tlacotepec
20,Magdalena Zahuatlán
20,Mariscala De Juárez
20,Mártires De Tacubaya
20,Matías Romero Avendaño
20,Mazatlán Villa De Flores
20,Miahuatlán De Porfirio Díaz
20,Mixistlán De La Reforma
20,Monjas
20,Natividad
20,Nazareno Etla
20,Nejapa De Madero
20,Ixpantepec Nieves
20,Santiago Niltepec
20,Oaxaca De Juárez
20,Ocotlán De Morelos
20,La Pe
20,Pinotepa De Don Luis
20,Pluma Hidalgo
20,San José Del Progreso
20,Putla Villa De Guerrero
20,Santa Catarina Quioquitani
20,Reforma De Pineda
20,La Reforma
20,Reyes Etla
20,Rojas De Cuauhtémoc
20,Salina Cruz
20,San Agustín Amatengo
20,San Agustín Atenango
20,San Agustín Chayuco
20,San Agustín De Las Juntas
20,San Agustín Etla
20,San Agustín Loxicha
20,San Agustín Tlacotepec
20,San Agustín Yatareni
20,San Andrés Cabecera Nueva
20,San Andrés Dinicuiti
20,San Andrés Huaxpaltepec
20,San Andrés Huayápam
20,San Andrés Ixtlahuaca
20,San Andrés Lagunas
20,San Andrés Nuxiño
20,San Andrés Paxtlán
20,San Andrés Sinaxtla
20,San Andrés Solaga
20,San Andrés Teotilálpam
20,San Andrés Tepetlapa
20,San Andrés Yaá
20,San Andrés Zabache
20,San Andrés Zautla
20,San Antonino Castillo Velasco
20,San Antonino El Alto
20,San Antonino Monte Verde
20,San Antonio Acutla
20,San Antonio De La Cal
20,San Antonio Huitepec
20,San Antonio Nanahuatípam
20,San Antonio Sinicahua
20,San Antonio Tepetlapa
20,San Baltazar Chichicápam
20,San Baltazar Loxicha
20,San Baltazar Yatzachi El Bajo
20,San Bartolo Coyotepec
20,San Bartolomé Ayautla
20,San Bartolomé Loxicha
20,San Bartolomé Quialana
20,San Bartolomé Yucuañe
20,San Bartolomé Zoogocho
20,San Bartolo Soyaltepec
20,San Bartolo Yautepec
20,San Bernardo Mixtepec
20,San Blas Atempa
20,San Carlos Yautepec
20,San Cristóbal Amatlán
20,San Cristóbal Amoltepec
20,San Cristóbal Lachirioag
20,San Cristóbal Suchixtlahuaca
20,San Dionisio Del Mar
20,San Dionisio Ocotepec
20,San Dionisio Ocotlán
20,San Esteban Atatlahuca
20,San Felipe Jalapa De Díaz
20,San Felipe Tejalápam
20,San Felipe Usila
20,San Francisco Cahuacuá
20,San Francisco Cajonos
20,San Francisco Chapulapa
20,San Francisco Chindúa
20,San Francisco Del Mar
20,San Francisco Huehuetlán
20,San Francisco Ixhuatán
20,San Francisco Jaltepetongo
20,San Francisco Lachigoló
20,San Francisco Logueche
20,San Francisco Nuxaño
20,San Francisco Ozolotepec
20,San Francisco Sola
20,San Francisco Telixtlahuaca
20,San Francisco Teopan
20,San Francisco Tlapancingo
20,San Gabriel Mixtepec
20,San Ildefonso Amatlán
20,San Ildefonso Sola
20,San Ildefonso Villa Alta
20,San Jacinto Amilpas
20,San Jacinto Tlacotepec
20,San Jerónimo Coatlán
20,San Jerónimo Silacayoapilla
20,San Jerónimo Sosola
20,San Jerónimo Taviche
20,San Jerónimo Tecóatl
20,San Jorge Nuchita
20,San José Ayuquila
20,San José Chiltepec
20,San José Del Peñasco
20,San José Estancia Grande
20,San José Independencia
20,San José Lachiguiri
20,San José Tenango
20,San Juan Achiutla
20,San Juan Atepec
20,Ánimas Trujano
20,San Juan Bautista Atatlahuca
20,San Juan Bautista Coixtlahuaca
20,San Juan Bautista Cuicatlán
20,San Juan Bautista Guelache
20,San Juan Bautista Jayacatlán
20,San Juan Bautista Lo De Soto
20,San Juan Bautista Suchitepec
20,San Juan Bautista Tlacoatzintepec
20,San Juan Bautista Tlachichilco
20,San Juan Bautista Tuxtepec
20,San Juan Cacahuatepec
20,San Juan Cieneguilla
20,San Juan Coatzóspam
20,San Juan Colorado
20,San Juan Comaltepec
20,San Juan Cotzocón
20,San Juan Chicomezúchil
20,San Juan Chilateca
20,San Juan Del Estado
20,San Juan Del Río
20,San Juan Diuxi
20,San Juan Evangelista Analco
20,San Juan Guelavía
20,San Juan Guichicovi
20,San Juan Ihualtepec
20,San Juan Juquila Mixes
20,San Juan Juquila Vijanos
20,San Juan Lachao
20,San Juan Lachigalla
20,San Juan Lajarcia
20,San Juan Lalana
20,San Juan De Los Cués
20,San Juan Mazatlán
20,San Juan Mixtepec - Dto. 08 -
20,San Juan Mixtepec - Dto. 26 -
20,San Juan Ñumí
20,San Juan Ozolotepec
20,San Juan Petlapa
20,San Juan Quiahije
20,San Juan Quiotepec
20,San Juan Sayultepec
20,San Juan Tabaá
20,San Juan Tamazola
20,San Juan Teita
20,San Juan Teitipac
20,San Juan Tepeuxila
20,San Juan Teposcolula
20,San Juan Yaeé
20,San Juan Yatzona
20,San Juan Yucuita
20,San Lorenzo
20,San Lorenzo Albarradas
20,San Lorenzo Cacaotepec
20,San Lorenzo Cuaunecuiltitla
20,San Lorenzo Texmelúcan
20,San Lorenzo Victoria
20,San Lucas Camotlán
20,San Lucas Ojitlán
20,San Lucas Quiaviní
20,San Lucas Zoquiápam
20,San Luis Amatlán
20,San Marcial Ozolotepec
20,San Marcos Arteaga
20,San Martín De Los Cansecos
20,San Martín Huamelúlpam
20,San Martín Itunyoso
20,San Martín Lachilá
20,San Martín Peras
20,San Martín Tilcajete
20,San Martín Toxpalan
20,San Martín Zacatepec
20,San Mateo Cajonos
20,Capulálpam De Méndez
20,San Mateo Del Mar
20,San Mateo Yoloxochitlán
20,San Mateo Etlatongo
20,San Mateo Nejápam
20,San Mateo Peñasco
20,San Mateo Piñas
20,San Mateo Río Hondo
20,San Mateo Sindihui
20,San Mateo Tlapiltepec
20,San Melchor Betaza
20,San Miguel Achiutla
20,San Miguel Ahuehuetitlán
20,San Miguel Aloápam
20,San Miguel Amatitlán
20,San Miguel Amatlán
20,San Miguel Coatlán
20,San Miguel Chicahua
20,San Miguel Chimalapa
20,San Miguel Del Puerto
20,San Miguel Del Río
20,San Miguel Ejutla
20,San Miguel El Grande
20,San Miguel Huautla
20,San Miguel Mixtepec
20,San Miguel Panixtlahuaca
20,San Miguel Peras
20,San Miguel Piedras
20,San Miguel Quetzaltepec
20,San Miguel Santa Flor
20,Villa Sola De Vega
20,San Miguel Soyaltepec
20,San Miguel Suchixtepec
20,Villa Talea De Castro
20,San Miguel Tecomatlán
20,San Miguel Tenango
20,San Miguel Tequixtepec
20,San Miguel Tilquiápam
20,San Miguel Tlacamama
20,San Miguel Tlacotepec
20,San Miguel Tulancingo
20,San Miguel Yotao
20,San Nicolás
20,San Nicolás Hidalgo
20,San Pablo Coatlán
20,San Pablo Cuatro Venados
20,San Pablo Etla
20,San Pablo Huitzo
20,San Pablo Huixtepec
20,San Pablo Macuiltianguis
20,San Pablo Tijaltepec
20,San Pablo Villa De Mitla
20,San Pablo Yaganiza
20,San Pedro Amuzgos
20,San Pedro Apóstol
20,San Pedro Atoyac
20,San Pedro Cajonos
20,San Pedro Coxcaltepec Cántaros
20,San Pedro Comitancillo
20,San Pedro El Alto
20,San Pedro Huamelula
20,San Pedro Huilotepec
20,San Pedro Ixcatlán
20,San Pedro Ixtlahuaca
20,San Pedro Jaltepetongo
20,San Pedro Jicayán
20,San Pedro Jocotipac
20,San Pedro Juchatengo
20,San Pedro Mártir
20,San Pedro Mártir Quiechapa
20,San Pedro Mártir Yucuxaco
20,San Pedro Mixtepec - Dto. 22 -
20,San Pedro Mixtepec - Dto. 26 -
20,San Pedro Molinos
20,San Pedro Nopala
20,San Pedro Ocopetatillo
20,San Pedro Ocotepec
20,San Pedro Pochutla
20,San Pedro Quiatoni
20,San Pedro Sochiápam
20,San Pedro Tapanatepec
20,San Pedro Taviche
20,San Pedro Teozacoalco
20,San Pedro Teutila
20,San Pedro Tidaá
20,San Pedro Topiltepec
20,San Pedro Totolapa
20,Villa De Tututepec De Melchor Ocampo
20,San Pedro Yaneri
20,San Pedro Yólox
20,San Pedro Y San Pablo Ayutla
20,Villa De Etla
20,San Pedro Y San Pablo Teposcolula
20,San Pedro Y San Pablo Tequixtepec
20,San Pedro Yucunama
20,San Raymundo Jalpan
20,San Sebastián Abasolo
20,San Sebastián Coatlán
20,San Sebastián Ixcapa
20,San Sebastián Nicananduta
20,San Sebastián Río Hondo
20,San Sebastián Tecomaxtlahuaca
20,San Sebastián Teitipac
20,San Sebastián Tutla
20,San Simón Almolongas
20,San Simón Zahuatlán
20,Santa Ana
20,Santa Ana Ateixtlahuaca
20,Santa Ana Cuauhtémoc
20,Santa Ana Del Valle
20,Santa Ana Tavela
20,Santa Ana Tlapacoyan
20,Santa Ana Yareni
20,Santa Ana Zegache
20,Santa Catalina Quierí
20,Santa Catarina Cuixtla
20,Santa Catarina Ixtepeji
20,Santa Catarina Juquila
20,Santa Catarina Lachatao
20,Santa Catarina Loxicha
20,Santa Catarina Mechoacán
20,Santa Catarina Minas
20,Santa Catarina Quiané
20,Santa Catarina Tayata
20,Santa Catarina Ticuá
20,Santa Catarina Yosonotú
20,Santa Catarina Zapoquila
20,Santa Cruz Acatepec
20,Santa Cruz Amilpas
20,Santa Cruz De Bravo
20,Santa Cruz Itundujia
20,Santa Cruz Mixtepec
20,Santa Cruz Nundaco
20,Santa Cruz Papalutla
20,Santa Cruz Tacache De Mina
20,Santa Cruz Tacahua
20,Santa Cruz Tayata
20,Santa Cruz Xitla
20,Santa Cruz Xoxocotlán
20,Santa Cruz Zenzontepec
20,Santa Gertrudis
20,Santa Inés Del Monte
20,Santa Inés Yatzeche
20,Santa Lucía Del Camino
20,Santa Lucía Miahuatlán
20,Santa Lucía Monteverde
20,Santa Lucía Ocotlán
20,Santa María Alotepec
20,Santa María Apazco
20,Santa María La Asunción
20,Heroica Ciudad De Tlaxiaco
20,Ayoquezco De Aldama
20,Santa María Atzompa
20,Santa María Camotlán
20,Santa María Colotepec
20,Santa María Cortijo
20,Santa María Coyotepec
20,Santa María Chachoápam
20,Villa De Chilapa De Díaz
20,Santa María Chilchotla
20,Santa María Chimalapa
20,Santa María Del Rosario
20,Santa María Del Tule
20,Santa María Ecatepec
20,Santa María Guelacé
20,Santa María Guienagati
20,Santa María Huatulco
20,Santa María Huazolotitlán
20,Santa María Ipalapa
20,Santa María Ixcatlán
20,Santa María Jacatepec
20,Santa María Jalapa Del Marqués
20,Santa María Jaltianguis
20,Santa María Lachixío
20,Santa María Mixtequilla
20,Santa María Nativitas
20,Santa María Nduayaco
20,Santa María Ozolotepec
20,Santa María Pápalo
20,Santa María Peñoles
20,Santa María Petapa
20,Santa María Quiegolani
20,Santa María Sola
20,Santa María Tataltepec
20,Santa María Tecomavaca
20,Santa María Temaxcalapa
20,Santa María Temaxcaltepec
20,Santa María Teopoxco
20,Santa María Tepantlali
20,Santa María Texcatitlán
20,Santa María Tlahuitoltepec
20,Santa María Tlalixtac
20,Santa María Tonameca
20,Santa María Totolapilla
20,Santa María Xadani
20,Santa María Yalina
20,Santa María Yavesía
20,Santa María Yolotepec
20,Santa María Yosoyúa
20,Santa María Yucuhiti
20,Santa María Zacatepec
20,Santa María Zaniza
20,Santa María Zoquitlán
20,Santiago Amoltepec
20,Santiago Apoala
20,Santiago Apóstol
20,Santiago Astata
20,Santiago Atitlán
20,Santiago Ayuquililla
20,Santiago Cacaloxtepec
20,Santiago Camotlán
20,Santiago Comaltepec
20,Santiago Chazumba
20,Santiago Choápam
20,Santiago Del Río
20,Santiago Huajolotitlán
20,Santiago Huauclilla
20,Santiago Ihuitlán Plumas
20,Santiago Ixcuintepec
20,Santiago Ixtayutla
20,Santiago Jamiltepec
20,Santiago Jocotepec
20,Santiago Juxtlahuaca
20,Santiago Lachiguiri
20,Santiago Lalopa
20,Santiago Laollaga
20,Santiago Laxopa
20,Santiago Llano Grande
20,Santiago Matatlán
20,Santiago Miltepec
20,Santiago Minas
20,Santiago Nacaltepec
20,Santiago Nejapilla
20,Santiago Nundiche
20,Santiago Nuyoó
20,Santiago Pinotepa Nacional
20,Santiago Suchilquitongo
20,Santiago Tamazola
20,Santiago Tapextla
20,Villa Tejúpam De La Unión
20,Santiago Tenango
20,Santiago Tepetlapa
20,Santiago Tetepec
20,Santiago Texcalcingo
20,Santiago Textitlán
20,Santiago Tilantongo
20,Santiago Tillo
20,Santiago Tlazoyaltepec
20,Santiago Xanica
20,Santiago Xiacuí
20,Santiago Yaitepec
20,Santiago Yaveo
20,Santiago Yolomécatl
20,Santiago Yosondúa
20,Santiago Yucuyachi
20,Santiago Zacatepec
20,Santiago Zoochila
20,Nuevo Zoquiápam
20,Santo Domingo Ingenio
20,Santo Domingo Albarradas
20,Santo Domingo Armenta
20,Santo Domingo Chihuitán
20,Santo Domingo De Morelos
20,Santo Domingo Ixcatlán
20,Santo Domingo Nuxaá
20,Santo Domingo Ozolotepec
20,Santo Domingo Petapa
20,Santo Domingo Roayaga
20,Santo Domingo Tehuantepec
20,Santo Domingo Teojomulco
20,Santo Domingo Tepuxtepec
20,Santo Domingo Tlatayápam
20,Santo Domingo Tomaltepec
20,Santo Domingo Tonalá
20,Santo Domingo Tonaltepec
20,Santo Domingo Xagacía
20,Santo Domingo Yanhuitlán
20,Santo Domingo Yodohino
20,Santo Domingo Zanatepec
20,Santos Reyes Nopala
20,Santos Reyes Pápalo
20,Santos Reyes Tepejillo
20,Santos Reyes Yucuná
20,Santo Tomás Jalieza
20,Santo Tomás Mazaltepec
20,Santo Tomás Ocotepec
20,Santo Tomás Tamazulapan
20,San Vicente Coatlán
20,San Vicente Lachixío
20,San Vicente Nuñú
20,Silacayoápam
20,Sitio De Xitlapehua
20,Soledad Etla
20,Villa De Tamazulápam Del Progreso
20,Tanetze De Zaragoza
20,Taniche
20,Tataltepec De Valdés
20,Teococuilco De Marcos Pérez
20,Teotitlán De Flores Magón
20,Teotitlán Del Valle
20,Teotongo
20,Tepelmeme Villa De Morelos
20,Tezoatlán De Segura Y Luna
20,San Jerónimo Tlacochahuaya
20,Tlacolula De Matamoros
20,Tlacotepec Plumas
20,Tlalixtac De Cabrera
20,Totontepec Villa De Morelos
20,Trinidad Zaachila
20,La Trinidad Vista Hermosa
20,Unión Hidalgo
20,Valerio Trujano
20,San Juan Bautista Valle Nacional
20,Villa Díaz Ordaz
20,Yaxe
20,Magdalena Yodocono De Porfirio Díaz
20,Yogana
20,Yutanduchi De Guerrero
20,Villa De Zaachila
20,Zapotitlán Del Río
20,Zapotitlán Lagunas
20,Zapotitlán Palmas
20,Santa Inés De Zaragoza
20,Zimatlán De Álvarez
21,Acajete
21,Acateno
21,Acatlán
21,Acatzingo
21,Acteopan
21,Ahuacatlán
21,Ahuatlán
21,Ahuazotepec
21,Ahuehuetitla
21,Ajalpan
21,Albino Zertuche
21,Aljojuca
21,Altepexi
21,Amixtlán
21,Amozoc
21,Aquixtla
21,Atempan
21,Atexcal
21,Atlixco
21,Atoyatempan
21,Atzala
21,Atzitzihuacán
21,Atzitzintla
21,Axutla
21,Ayotoxco De Guerrero
21,Calpan
21,Caltepec
21,Camocuautla
21,Caxhuacan
21,Coatepec
21,Coatzingo
21,Cohetzala
21,Cohuecan
21,Coronango
21,Coxcatlán
21,Coyomeapan
21,Coyotepec
21,Cuapiaxtla De Madero
21,Cuautempan
21,Cuautinchán
21,Cuautlancingo
21,Cuayuca De Andrade
21,Cuetzalan Del Progreso
21,Cuyoaco
21,Chalchicomula De Sesma
21,Chapulco
21,Chiautla
21,Chiautzingo
21,Chiconcuautla
21,Chichiquila
21,Chietla
21,Chigmecatitlán
21,Chignahuapan
21,Chignautla
21,Chila
21,Chila De La Sal
21,Honey
21,Chilchotla
21,Chinantla
21,Domingo Arenas
21,Eloxochitlán
21,Epatlán
21,Esperanza
21,Francisco Z. Mena
21,General Felipe Ángeles
21,Guadalupe
21,Guadalupe Victoria
21,Hermenegildo Galeana
21,Huaquechula
21,Huatlatlauca
21,Huauchinango
21,Huehuetla
21,Huehuetlán El Chico
21,Huejotzingo
21,Hueyapan
21,Hueytamalco
21,Hueytlalpan
21,Huitzilan De Serdán
21,Huitziltepec
21,Atlequizayan
21,Ixcamilpa De Guerrero
21,Ixcaquixtla
21,Ixtacamaxtitlán
21,Ixtepec
21,Izúcar De Matamoros
21,Jalpan
21,Jolalpan
21,Jonotla
21,Jopala
21,Juan C. Bonilla
21,Juan Galindo
21,Juan N. Méndez
21,Lafragua
21,Libres
21,La Magdalena Tlatlauquitepec
21,Mazapiltepec De Juárez
21,Mixtla
21,Molcaxac
21,Cañada Morelos
21,Naupan
21,Nauzontla
21,Nealtican
21,Nicolás Bravo
21,Nopalucan
21,Ocotepec
21,Ocoyucan
21,Olintla
21,Oriental
21,Pahuatlán
21,Palmar De Bravo
21,Pantepec
21,Petlalcingo
21,Piaxtla
21,Puebla
21,Quecholac
21,Quimixtlán
21,Rafael Lara Grajales
21,Los Reyes De Juárez
21,San Andrés Cholula
21,San Antonio Cañada
21,San Diego La Mesa Tochimiltzingo
21,San Felipe Teotlalcingo
21,San Felipe Tepatlán
21,San Gabriel Chilac
21,San Gregorio Atzompa
21,San Jerónimo Tecuanipan
21,San Jerónimo Xayacatlán
21,San José Chiapa
21,San José Miahuatlán
21,San Juan Atenco
21,San Juan Atzompa
21,San Martín Texmelucan
21,San Martín Totoltepec
21,San Matías Tlalancaleca
21,San Miguel Ixitlán
21,San Miguel Xoxtla
21,San Nicolás Buenos Aires
21,San Nicolás De Los Ranchos
21,San Pablo Anicano
21,San Pedro Cholula
21,San Pedro Yeloixtlahuaca
21,San Salvador El Seco
21,San Salvador El Verde
21,San Salvador Huixcolotla
21,San Sebastián Tlacotepec
21,Santa Catarina Tlaltempan
21,Santa Inés Ahuatempan
21,Santa Isabel Cholula
21,Santiago Miahuatlán
21,Huehuetlán El Grande
21,Santo Tomás Hueyotlipan
21,Soltepec
21,Tecali De Herrera
21,Tecamachalco
21,Tecomatlán
21,Tehuacán
21,Tehuitzingo
21,Tenampulco
21,Teopantlán
21,Teotlalco
21,Tepanco De López
21,Tepango De Rodríguez
21,Tepatlaxco De Hidalgo
21,Tepeaca
21,Tepemaxalco
21,Tepeojuma
21,Tepetzintla
21,Tepexco
21,Tepexi De Rodríguez
21,Tepeyahualco
21,Tepeyahualco De Cuauhtémoc
21,Tetela De Ocampo
21,Teteles De Avila Castillo
21,Teziutlán
21,Tianguismanalco
21,Tilapa
21,Tlacotepec De Benito Juárez
21,Tlacuilotepec
21,Tlachichuca
21,Tlahuapan
21,Tlaltenango
21,Tlanepantla
21,Tlaola
21,Tlapacoya
21,Tlapanalá
21,Tlatlauquitepec
21,Tlaxco
21,Tochimilco
21,Tochtepec
21,Totoltepec De Guerrero
21,Tulcingo
21,Tuzamapan De Galeana
21,Tzicatlacoyan
21,Venustiano Carranza
21,Vicente Guerrero
21,Xayacatlán De Bravo
21,Xicotepec
21,Xicotlán
21,Xiutetelco
21,Xochiapulco
21,Xochiltepec
21,Xochitlán De Vicente Suárez
21,Xochitlán Todos Santos
21,Yaonáhuac
21,Yehualtepec
21,Zacapala
21,Zacapoaxtla
21,Zacatlán
21,Zapotitlán
21,Zapotitlán De Méndez
21,Zaragoza
21,Zautla
21,Zihuateutla
21,Zinacatepec
21,Zongozotla
21,Zoquiapan
21,Zoquitlán
22,Amealco De Bonfil
22,Pinal De Amoles
22,Arroyo Seco
22,Cadereyta De Montes
22,Colón
22,Corregidora
22,Ezequiel Montes
22,Huimilpan
22,Jalpan De Serra
22,Landa De Matamoros
22,El Marqués
22,Pedro Escobedo
22,Peñamiller
22,Querétaro
22,San Joaquín
22,San Juan Del Río
22,Tequisquiapan
22,Tolimán
23,Cozumel
23,Felipe Carrillo Puerto
23,Isla Mujeres
23,Othón P. Blanco
23,Benito Juárez
23,José María Morelos
23,Lázaro Cárdenas
23,Solidaridad
24,Ahualulco
24,Alaquines
24,Aquismón
24,Armadillo De Los Infante
24,Cárdenas
24,Catorce
24,Cedral
24,Cerritos
24,Cerro De San Pedro
24,Ciudad Del Maíz
24,Ciudad Fernández
24,Tancanhuitz
24,Ciudad Valles
24,Coxcatlán
24,Charcas
24,Ebano
24,Guadalcázar
24,Huehuetlán
24,Lagunillas
24,Matehuala
24,Mexquitic De Carmona
24,Moctezuma
24,Rayón
24,Rioverde
24,Salinas
24,San Antonio
24,San Ciro De Acosta
24,San Luis Potosí
24,San Martín Chalchicuautla
24,San Nicolás Tolentino
24,Santa Catarina
24,Santa María Del Río
24,Santo Domingo
24,San Vicente Tancuayalab
24,Soledad De Graciano Sánchez
24,Tamasopo
24,Tamazunchale
24,Tampacán
24,Tampamolón Corona
24,Tamuín
24,Tanlajás
24,Tanquián De Escobedo
24,Tierra Nueva
24,Vanegas
24,Venado
24,Villa De Arriaga
24,Villa De Guadalupe
24,Villa De La Paz
24,Villa De Ramos
24,Villa De Reyes
24,Villa Hidalgo
24,Villa Juárez
24,Axtla De Terrazas
24,Xilitla
24,Zaragoza
24,Villa De Arista
24,Matlapa
24,El Naranjo
25,Ahome
25,Angostura
25,Badiraguato
25,Concordia
25,Cosalá
25,Culiacán
25,Choix
25,Elota
25,Escuinapa
25,El Fuerte
25,Guasave
25,Mazatlán
25,Mocorito
25,Rosario
25,Salvador Alvarado
25,San Ignacio
25,Sinaloa
25,Navolato
26,Aconchi
26,Agua Prieta
26,Alamos
26,Altar
26,Arivechi
26,Arizpe
26,Atil
26,Bacadéhuachi
26,Bacanora
26,Bacerac
26,Bacoachi
26,Bácum
26,Banámichi
26,Baviácora
26,Bavispe
26,Benjamín Hill
26,Caborca
26,Cajeme
26,Cananea
26,Carbó
26,La Colorada
26,Cucurpe
26,Cumpas
26,Divisaderos
26,Empalme
26,Etchojoa
26,Fronteras
26,Granados
26,Guaymas
26,Hermosillo
26,Huachinera
26,Huásabas
26,Huatabampo
26,Huépac
26,Imuris
26,Magdalena
26,Mazatán
26,Moctezuma
26,Naco
26,Nácori Chico
26,Nacozari De García
26,Navojoa
26,Nogales
26,Onavas
26,Opodepe
26,Oquitoa
26,Pitiquito
26,Puerto Peñasco
26,Quiriego
26,Rayón
26,Rosario
26,Sahuaripa
26,San Felipe De Jesús
26,San Javier
26,San Luis Río Colorado
26,San Miguel De Horcasitas
26,San Pedro De La Cueva
26,Santa Ana
26,Santa Cruz
26,Sáric
26,Soyopa
26,Suaqui Grande
26,Tepache
26,Trincheras
26,Tubutama
26,Ures
26,Villa Hidalgo
26,Villa Pesqueira
26,Yécora
26,General Plutarco Elías Calles
26,Benito Juárez
26,San Ignacio Río Muerto
27,Balancán
27,Cárdenas
27,Centla
27,Centro
27,Comalcalco
27,Cunduacán
27,Emiliano Zapata
27,Huimanguillo
27,Jalapa
27,Jalpa De Méndez
27,Jonuta
27,Macuspana
27,Nacajuca
27,Paraíso
27,Tacotalpa
27,Teapa
27,Tenosique
28,Abasolo
28,Aldama
28,Altamira
28,Antiguo Morelos
28,Burgos
28,Bustamante
28,Camargo
28,Casas
28,Ciudad Madero
28,Cruillas
28,Gómez Farías
28,González
28,Güémez
28,Guerrero
28,Gustavo Díaz Ordaz
28,Hidalgo
28,Jaumave
28,Jiménez
28,Llera
28,Mainero
28,El Mante
28,Matamoros
28,Méndez
28,Mier
28,Miguel Alemán
28,Miquihuana
28,Nuevo Laredo
28,Nuevo Morelos
28,Ocampo
28,Padilla
28,Palmillas
28,Reynosa
28,Río Bravo
28,San Carlos
28,San Fernando
28,San Nicolás
28,Soto La Marina
28,Tampico
28,Tula
28,Valle Hermoso
28,Victoria
28,Villagrán
28,Xicoténcatl
29,Amaxac De Guerrero
29,Apetatitlán De Antonio Carvajal
29,Atlangatepec
29,Altzayanca
29,Apizaco
29,Calpulalpan
29,El Carmen Tequexquitla
29,Cuapiaxtla
29,Cuaxomulco
29,Chiautempan
29,Muñoz De Domingo Arenas
29,Españita
29,Huamantla
29,Hueyotlipan
29,Ixtacuixtla De Mariano Matamoros
29,Ixtenco
29,Mazatecochco De José María Morelos
29,Contla De Juan Cuamatzi
29,Tepetitla De Lardizábal
29,Sanctórum De Lázaro Cárdenas
29,Nanacamilpa De Mariano Arista
29,Acuamanala De Miguel Hidalgo
29,Natívitas
29,Panotla
29,San Pablo Del Monte
29,Santa Cruz Tlaxcala
29,Tenancingo
29,Teolocholco
29,Tepeyanco
29,Terrenate
29,Tetla De La Solidaridad
29,Tetlatlahuca
29,Tlaxcala
29,Tlaxco
29,Tocatlán
29,Totolac
29,Zitlaltepec De Trinidad Sánchez Santos
29,Tzompantepec
29,Xaloztoc
29,Xaltocan
29,Papalotla De Xicohténcatl
29,Xicohtzinco
29,Yauhquemecan
29,Zacatelco
29,Benito Juárez
29,Emiliano Zapata
29,Lázaro Cárdenas
29,La Magdalena Tlaltelulco
29,San Damián Texoloc
29,San Francisco Tetlanohcan
29,San Jerónimo Zacualpan
29,San José Teacalco
29,San Juan Huactzinco
29,San Lorenzo Axocomanitla
29,San Lucas Tecopilco
29,Santa Ana Nopalucan
29,Santa Apolonia Teacalco
29,Santa Catarina Ayometla
29,Santa Cruz Quilehtla
29,Santa Isabel Xiloxoxtla
30,Acajete
30,Acatlán
30,Acayucan
30,Actopan
30,Acula
30,Acultzingo
30,Camarón De Tejeda
30,Alpatláhuac
30,Alto Lucero De Gutiérrez Barrios
30,Altotonga
30,Alvarado
30,Amatitlán
30,Naranjos Amatlán
30,Amatlán De Los Reyes
30,Angel R. Cabada
30,La Antigua
30,Apazapan
30,Aquila
30,Astacinga
30,Atlahuilco
30,Atoyac
30,Atzacan
30,Atzalan
30,Tlaltetela
30,Ayahualulco
30,Banderilla
30,Benito Juárez
30,Boca Del Río
30,Calcahualco
30,Camerino Z. Mendoza
30,Carrillo Puerto
30,Catemaco
30,Cazones
30,Cerro Azul
30,Citlaltépetl
30,Coacoatzintla
30,Coahuitlán
30,Coatepec
30,Coatzacoalcos
30,Coatzintla
30,Coetzala
30,Colipa
30,Comapa
30,Córdoba
30,Cosamaloapan De Carpio
30,Cosautlán De Carvajal
30,Coscomatepec
30,Cosoleacaque
30,Cotaxtla
30,Coxquihui
30,Coyutla
30,Cuichapa
30,Cuitláhuac
30,Chacaltianguis
30,Chalma
30,Chiconamel
30,Chiconquiaco
30,Chicontepec
30,Chinameca
30,Chinampa De Gorostiza
30,Las Choapas
30,Chocamán
30,Chontla
30,Chumatlán
30,Emiliano Zapata
30,Espinal
30,Filomeno Mata
30,Fortín
30,Gutiérrez Zamora
30,Hidalgotitlán
30,Huatusco
30,Huayacocotla
30,Hueyapan De Ocampo
30,Huiloapan
30,Ignacio De La Llave
30,Ilamatlán
30,Isla
30,Ixcatepec
30,Ixhuacán De Los Reyes
30,Ixhuatlán Del Café
30,Ixhuatlancillo
30,Ixhuatlán Del Sureste
30,Ixhuatlán De Madero
30,Ixmatlahuacan
30,Ixtaczoquitlán
30,Jalacingo
30,Xalapa
30,Jalcomulco
30,Jáltipan
30,Jamapa
30,Jesús Carranza
30,Xico
30,Jilotepec
30,Juan Rodríguez Clara
30,Juchique De Ferrer
30,Landero Y Coss
30,Lerdo De Tejada
30,Magdalena
30,Maltrata
30,Manlio Fabio Altamirano
30,Mariano Escobedo
30,Martínez De La Torre
30,Mecatlán
30,Mecayapan
30,Medellín
30,Miahuatlán
30,Las Minas
30,Minatitlán
30,Misantla
30,Mixtla De Altamirano
30,Moloacán
30,Naolinco
30,Naranjal
30,Nautla
30,Nogales
30,Oluta
30,Omealca
30,Orizaba
30,Otatitlán
30,Oteapan
30,Ozuluama De Mascareñas
30,Pajapan
30,Pánuco
30,Papantla
30,Paso Del Macho
30,Paso De Ovejas
30,La Perla
30,Perote
30,Platón Sánchez
30,Playa Vicente
30,Poza Rica De Hidalgo
30,Las Vigas De Ramírez
30,Pueblo Viejo
30,Puente Nacional
30,Rafael Delgado
30,Rafael Lucio
30,Los Reyes
30,Río Blanco
30,Saltabarranca
30,San Andrés Tenejapan
30,San Andrés Tuxtla
30,San Juan Evangelista
30,Santiago Tuxtla
30,Sayula De Alemán
30,Soconusco
30,Sochiapa
30,Soledad Atzompa
30,Soledad De Doblado
30,Soteapan
30,Tamalín
30,Tamiahua
30,Tampico Alto
30,Tancoco
30,Tantima
30,Tantoyuca
30,Tatatila
30,Castillo De Teayo
30,Tecolutla
30,Tehuipango
30,Temapache
30,Tempoal
30,Tenampa
30,Tenochtitlán
30,Teocelo
30,Tepatlaxco
30,Tepetlán
30,Tepetzintla
30,Tequila
30,José Azueta
30,Texcatepec
30,Texhuacán
30,Texistepec
30,Tezonapa
30,Tierra Blanca
30,Tihuatlán
30,Tlacojalpan
30,Tlacolulan
30,Tlacotalpan
30,Tlacotepec De Mejía
30,Tlachichilco
30,Tlalixcoyan
30,Tlalnelhuayocan
30,Tlapacoyan
30,Tlaquilpa
30,Tlilapan
30,Tomatlán
30,Tonayán
30,Totutla
30,Túxpam
30,Tuxtilla
30,Ursulo Galván
30,Vega De Alatorre
30,Veracruz
30,Villa Aldama
30,Xoxocotla
30,Yanga
30,Yecuatla
30,Zacualpan
30,Zaragoza
30,Zentla
30,Zongolica
30,Zontecomatlán De López Y Fuentes
30,Zozocolco De Hidalgo
30,Agua Dulce
30,El Higo
30,Nanchital De Lázaro Cárdenas Del Río
30,Tres Valles
30,Carlos A. Carrillo
30,Tatahuicapan De Juárez
30,Uxpanapa
30,San Rafael
30,Santiago Sochiapan
31,Abalá
31,Acanceh
31,Akil
31,Baca
31,Bokobá
31,Buctzotz
31,Cacalchén
31,Calotmul
31,Cansahcab
31,Cantamayec
31,Celestún
31,Cenotillo
31,Conkal
31,Cuncunul
31,Cuzamá
31,Chacsinkín
31,Chankom
31,Chapab
31,Chemax
31,Chicxulub Pueblo
31,Chichimilá
31,Chikindzonot
31,Chocholá
31,Chumayel
31,Dzán
31,Dzemul
31,Dzidzantún
31,Dzilam De Bravo
31,Dzilam González
31,Dzitás
31,Dzoncauich
31,Espita
31,Halachó
31,Hocabá
31,Hoctún
31,Homún
31,Huhí
31,Hunucmá
31,Ixil
31,Izamal
31,Kanasín
31,Kantunil
31,Kaua
31,Kinchil
31,Kopomá
31,Mama
31,Maní
31,Maxcanú
31,Mayapán
31,Mérida
31,Mocochá
31,Motul
31,Muna
31,Muxupip
31,Opichén
31,Oxkutzcab
31,Panabá
31,Peto
31,Progreso
31,Quintana Roo
31,Río Lagartos
31,Sacalum
31,Samahil
31,Sanahcat
31,San Felipe
31,Santa Elena
31,Seyé
31,Sinanché
31,Sotuta
31,Sucilá
31,Sudzal
31,Suma
31,Tahdziú
31,Tahmek
31,Teabo
31,Tecoh
31,Tekal De Venegas
31,Tekantó
31,Tekax
31,Tekit
31,Tekom
31,Telchac Pueblo
31,Telchac Puerto
31,Temax
31,Temozón
31,Tepakán
31,Tetiz
31,Teya
31,Ticul
31,Timucuy
31,Tinum
31,Tixcacalcupul
31,Tixkokob
31,Tixmehuac
31,Tixpéhual
31,Tizimín
31,Tunkás
31,Tzucacab
31,Uayma
31,Ucú
31,Umán
31,Valladolid
31,Xocchel
31,Yaxcabá
31,Yaxkukul
31,Yobaín
32,Apozol
32,Apulco
32,Atolinga
32,Benito Juárez
32,Calera
32,Cañitas De Felipe Pescador
32,Concepción Del Oro
32,Cuauhtémoc
32,Chalchihuites
32,Fresnillo
32,Trinidad García De La Cadena
32,Genaro Codina
32,General Enrique Estrada
32,General Francisco R. Murguía
32,El Plateado De Joaquín Amaro
32,General Pánfilo Natera
32,Guadalupe
32,Huanusco
32,Jalpa
32,Jerez
32,Jiménez Del Teul
32,Juan Aldama
32,Juchipila
32,Loreto
32,Luis Moya
32,Mazapil
32,Melchor Ocampo
32,Mezquital Del Oro
32,Miguel Auza
32,Momax
32,Monte Escobedo
32,Morelos
32,Moyahua De Estrada
32,Nochistlán De Mejía
32,Noria De Ángeles
32,Ojocaliente
32,Pánuco
32,Pinos
32,Río Grande
32,Sain Alto
32,El Salvador
32,Sombrerete
32,Susticacán
32,Tabasco
32,Tepechitlán
32,Tepetongo
32,Teul De González Ortega
32,Tlaltenango De Sánchez Román
32,Valparaíso
32,Vetagrande
32,Villa De Cos
32,Villa García
32,Villa González Ortega
32,Villa Hidalgo
32,Villanueva
32,Zacatecas
32,Trancoso
32,Santa María De La Paz
